{"Greg Fisher": {"wins": 14, "losses": 12, "matches": 26, "pointsFor": 441, "pointsAgainst": 403, "opponentRating": 39021.67996136116, "rating": 1507.1808297912717}, "Cameron Clarke": {"wins": 3, "losses": 16, "matches": 19, "pointsFor": 223, "pointsAgainst": 361, "opponentRating": 28890.791402409683, "rating": 1368.932701453885}, "Jake Westrich": {"wins": 35, "losses": 6, "matches": 41, "pointsFor": 834, "pointsAgainst": 439, "opponentRating": 60897.999049161575, "rating": 1692.7764303462493}, "Greg Kauffman": {"wins": 9, "losses": 5, "matches": 14, "pointsFor": 251, "pointsAgainst": 199, "opponentRating": 20938.941461312315, "rating": 1539.2384363104366}, "Binh Luong": {"wins": 6, "losses": 16, "matches": 22, "pointsFor": 300, "pointsAgainst": 392, "opponentRating": 33709.40589559344, "rating": 1416.891306842247}, "Hao Truong": {"wins": 14, "losses": 12, "matches": 26, "pointsFor": 424, "pointsAgainst": 403, "opponentRating": 39471.062024188745, "rating": 1483.436033212296}, "Stuart Wyse": {"wins": 21, "losses": 7, "matches": 28, "pointsFor": 535, "pointsAgainst": 349, "opponentRating": 41715.679174295394, "rating": 1633.9367454047447}, "Cody Wisniewski": {"wins": 5, "losses": 1, "matches": 6, "pointsFor": 117, "pointsAgainst": 87, "opponentRating": 8958.908287146096, "rating": 1558.4197018917773}, "Jack Riley": {"wins": 24, "losses": 6, "matches": 30, "pointsFor": 576, "pointsAgainst": 406, "opponentRating": 45119.917600672234, "rating": 1676.8549899069653}, "Tom Zentmeyer": {"wins": 3, "losses": 7, "matches": 10, "pointsFor": 129, "pointsAgainst": 186, "opponentRating": 14921.942605589078, "rating": 1443.2741929392735}, "Casey Davis": {"wins": 4, "losses": 10, "matches": 14, "pointsFor": 187, "pointsAgainst": 250, "opponentRating": 21261.004137694024, "rating": 1434.8513366565899}, "Dustin Mitchell": {"wins": 10, "losses": 18, "matches": 28, "pointsFor": 413, "pointsAgainst": 508, "opponentRating": 42140.81973698958, "rating": 1443.4957772580094}, "Nick McDonough": {"wins": 1, "losses": 5, "matches": 6, "pointsFor": 60, "pointsAgainst": 124, "opponentRating": 9269.206885206217, "rating": 1453.1542838120208}, "Athulya Ganesh": {"wins": 0, "losses": 2, "matches": 2, "pointsFor": 23, "pointsAgainst": 42, "opponentRating": 3005.0737905451597, "rating": 1467.613058342912}, "Mick Ward": {"wins": 8, "losses": 16, "matches": 24, "pointsFor": 380, "pointsAgainst": 427, "opponentRating": 36616.52536654123, "rating": 1445.930343361796}, "Alex Zoumaya": {"wins": 1, "losses": 10, "matches": 11, "pointsFor": 134, "pointsAgainst": 222, "opponentRating": 16795.73659907913, "rating": 1392.2100635072497}, "Forrest Thompson": {"wins": 14, "losses": 14, "matches": 28, "pointsFor": 481, "pointsAgainst": 499, "opponentRating": 42317.067483921535, "rating": 1525.2844268778906}, "Grayson Getz": {"wins": 7, "losses": 13, "matches": 20, "pointsFor": 293, "pointsAgainst": 384, "opponentRating": 29940.002158207462, "rating": 1435.3567510121172}, "William Salvucci": {"wins": 2, "losses": 2, "matches": 4, "pointsFor": 70, "pointsAgainst": 75, "opponentRating": 5976.600789436142, "rating": 1498.667423326842}, "Trung Nguyen": {"wins": 4, "losses": 6, "matches": 10, "pointsFor": 172, "pointsAgainst": 190, "opponentRating": 15179.923805675751, "rating": 1466.0881627961996}, "Jacob Kroger": {"wins": 15, "losses": 13, "matches": 28, "pointsFor": 461, "pointsAgainst": 473, "opponentRating": 43096.80273659137, "rating": 1588.9788276508773}, "Kevin Goldner": {"wins": 4, "losses": 2, "matches": 6, "pointsFor": 113, "pointsAgainst": 85, "opponentRating": 8798.549728727303, "rating": 1518.2381819999612}, "Joe Yerkins": {"wins": 5, "losses": 5, "matches": 10, "pointsFor": 171, "pointsAgainst": 167, "opponentRating": 15159.276828960494, "rating": 1514.0845822582817}, "Dustin Preble": {"wins": 2, "losses": 3, "matches": 5, "pointsFor": 65, "pointsAgainst": 99, "opponentRating": 7623.247954164019, "rating": 1488.7178139429577}, "Joe Snider": {"wins": 14, "losses": 9, "matches": 23, "pointsFor": 405, "pointsAgainst": 367, "opponentRating": 34881.07479063428, "rating": 1592.8507079739109}, "Triet Pham": {"wins": 6, "losses": 0, "matches": 6, "pointsFor": 126, "pointsAgainst": 46, "opponentRating": 8850.66224200459, "rating": 1583.4421733889303}, "Matthew Sweeterman": {"wins": 5, "losses": 10, "matches": 15, "pointsFor": 201, "pointsAgainst": 268, "opponentRating": 23275.05136616445, "rating": 1477.0170749513152}, "Indrima Upadhyay": {"wins": 0, "losses": 2, "matches": 2, "pointsFor": 17, "pointsAgainst": 42, "opponentRating": 3067.1536434040845, "rating": 1470.2296373253641}, "Randy Buka": {"wins": 1, "losses": 5, "matches": 6, "pointsFor": 66, "pointsAgainst": 120, "opponentRating": 9230.097610949804, "rating": 1445.6771980499711}, "Sammy Stampley": {"wins": 1, "losses": 2, "matches": 3, "pointsFor": 45, "pointsAgainst": 59, "opponentRating": 4463.662351300311, "rating": 1483.9798685183491}, "Oliver Graham": {"wins": 2, "losses": 5, "matches": 7, "pointsFor": 96, "pointsAgainst": 137, "opponentRating": 10544.635794728198, "rating": 1453.1909388893073}}