{
    "Greg Fisher": {
        "wins": 14,
        "losses": 12,
        "rating": 1507.1808297912717
    },
    "Cameron Clarke": {
        "wins": 3,
        "losses": 16,
        "rating": 1368.932701453885
    },
    "Jake Westrich": {
        "wins": 35,
        "losses": 6,
        "rating": 1692.7764303462493
    },
    "Greg Kauffman": {
        "wins": 9,
        "losses": 5,
        "rating": 1539.2384363104366
    },
    "Binh Luong": {
        "wins": 6,
        "losses": 16,
        "rating": 1416.891306842247
    },
    "Hao Truong": {
        "wins": 14,
        "losses": 12,
        "rating": 1483.436033212296
    },
    "Stuart Wyse": {
        "wins": 21,
        "losses": 7,
        "rating": 1633.9367454047447
    },
    "Cody Wisniewski": {
        "wins": 5,
        "losses": 1,
        "rating": 1558.4197018917773
    },
    "Jack Riley": {
        "wins": 24,
        "losses": 6,
        "rating": 1676.8549899069653
    },
    "Tom Zentmeyer": {
        "wins": 3,
        "losses": 7,
        "rating": 1443.2741929392735
    },
    "Casey Davis": {
        "wins": 4,
        "losses": 10,
        "rating": 1434.8513366565899
    },
    "Dustin Mitchell": {
        "wins": 10,
        "losses": 18,
        "rating": 1443.4957772580094
    },
    "Nick McDonough": {
        "wins": 1,
        "losses": 5,
        "rating": 1453.1542838120208
    },
    "Athulya Ganesh": {
        "wins": 0,
        "losses": 2,
        "rating": 1467.613058342912
    },
    "Mick Ward": {
        "wins": 8,
        "losses": 16,
        "rating": 1445.930343361796
    },
    "Alex Zoumaya": {
        "wins": 1,
        "losses": 10,
        "rating": 1392.2100635072497
    },
    "Forrest Thompson": {
        "wins": 14,
        "losses": 14,
        "rating": 1525.2844268778906
    },
    "Grayson Getz": {
        "wins": 7,
        "losses": 13,
        "rating": 1435.3567510121172
    },
    "William Salvucci": {
        "wins": 2,
        "losses": 2,
        "rating": 1498.667423326842
    },
    "Trung Nguyen": {
        "wins": 4,
        "losses": 6,
        "rating": 1466.0881627961996
    },
    "Jacob Kroger": {
        "wins": 15,
        "losses": 13,
        "rating": 1588.9788276508773
    },
    "Kevin Goldner": {
        "wins": 4,
        "losses": 2,
        "rating": 1518.2381819999612
    },
    "Joe Yerkins": {
        "wins": 5,
        "losses": 5,
        "rating": 1514.0845822582817
    },
    "Dustin Preble": {
        "wins": 2,
        "losses": 3,
        "rating": 1488.7178139429577
    },
    "Joe Snider": {
        "wins": 14,
        "losses": 9,
        "rating": 1592.8507079739109
    },
    "Triet Pham": {
        "wins": 6,
        "losses": 0,
        "rating": 1583.4421733889303
    },
    "Matthew Sweeterman": {
        "wins": 5,
        "losses": 10,
        "rating": 1477.0170749513152
    },
    "Indrima Upadhyay": {
        "wins": 0,
        "losses": 2,
        "rating": 1470.2296373253641
    },
    "Randy Buka": {
        "wins": 1,
        "losses": 5,
        "rating": 1445.6771980499711
    },
    "Sammy Stampley": {
        "wins": 1,
        "losses": 2,
        "rating": 1483.9798685183491
    },
    "Oliver Graham": {
        "wins": 2,
        "losses": 5,
        "rating": 1453.1909388893073
    }
}